"Source:","Antenna-Remote.kicad_sch"
"Date:","11.11.2023 14:19:42"
"Tool:","Eeschema 7.0.7"
"Generator:","C:\Program Files\KiCad\7.0\bin\scripting\plugins/bom_csv_grouped_by_value.py"
"Component Count:","38"

"Collated Components:"

"Item","Qty","Reference(s)","Value","LibPart","Footprint","Datasheet","DNP","Availability","Check_prices","Description","MANUFACTURER","MAXIMUM_PACKAGE_HEIGHT","MF","MP","PARTREV","Package","Price","Purchase-URL","SNAPEDA_PN","STANDARD","Sim.Device","Sim.Pins","SnapEDA_Link"
"1","1","BZ1","PB12N23MPW03AQ","Device:Buzzer","Buzzer_Beeper:Buzzer_12x9.5RM7.6","https://www.reichelt.de/index.html?ACTION=7&LA=3&OPEN=0&INDEX=0&FILENAME=A900%2FPB-12N23MPW-03AQ%28160926%29.pdf","","","","","","","","","","","","","","","","",""
"2","1","C1","330n","Device:C_Polarized","Capacitor_THT:C_Rect_L4.6mm_W2.0mm_P2.50mm_MKS02_FKP02","~","","","","","","","","","","","","","","","","",""
"3","11","C2, C5, C6, C7, C8, C9, C10, C11, C12, C13, C14","22p","Device:C","Capacitor_THT:C_Disc_D5.0mm_W2.5mm_P2.50mm","~","","","","","","","","","","","","","","","","",""
"4","1","C3","100n","Device:C","Capacitor_THT:C_Rect_L4.6mm_W2.0mm_P2.50mm_MKS02_FKP02","~","","","","","","","","","","","","","","","","",""
"5","1","C4","100yF/20V","Device:C_Polarized","Capacitor_THT:CP_Radial_D5.0mm_P2.50mm","~","","","","","","","","","","","","","","","","",""
"6","1","D1","1N4001","Device:D","Diode_THT:D_DO-41_SOD81_P3.81mm_Vertical_KathodeUp","~","","","","","","","","","","","","","","","D","1=K 2=A",""
"7","3","D2, D3, D4","1N4148","Diode:BA243","Diode_THT:D_DO-35_SOD27_P7.62mm_Horizontal","https://www.reichelt.de/schalt-diode-100-v-150-ma-do-35-1n-4148-p1730.html?&nbc=1","","","","","","","","","","","","","","","D","1=K 2=A",""
"8","1","F1","PTC FRX03060F 300mA","Device:Polyfuse","Fuse:Fuse_BelFuse_0ZRE0005FF_L8.3mm_W3.8mm","https://www.reichelt.de/index.html?ACTION=7&LA=3&OPEN=0&INDEX=0&FILENAME=C400%2FESKA-RUECKSTELLENDE-SICHERUNGEN.pdf","","","","","","","","","","","","","","","","",""
"9","1","J1","D-SUB BU 09US Female Antenna Switch","Connector:Conn_01x09_Socket","Connector_Dsub:DSUB-9_Female_Horizontal_P2.77x2.84mm_EdgePinOffset7.70mm_Housed_MountingHolesOffset9.12mm","https://www.reichelt.de/index.html?ACTION=446&LA=446&nbc=1&q=d-sub%20bu%2009us","","","","","","","","","","","","","","","","",""
"10","1","J3","D-SUB ST 09US Male Ancillaries","Connector:Conn_01x09_Pin","Connector_Dsub:DSUB-9_Male_Horizontal_P2.77x2.84mm_EdgePinOffset7.70mm_Housed_MountingHolesOffset9.12mm","https://www.reichelt.de/index.html?ACTION=446&LA=446&nbc=1&q=d-sub%20%2009us","","","","","","","","","","","","","","","","",""
"11","1","J4","DISPLAY","Connector:Conn_01x13_Pin","Connector_PinHeader_2.54mm:PinHeader_1x13_P2.54mm_Vertical","~","","","","","","","","","","","","","","","","",""
"12","2","K1, K2","CO 3570.1210.121","Relay:DIPxx-1Axx-11x","Relay_THT:COMUS Reed-Relais 12 V DC, 10 W - 1 NO","https://www.reichelt.de/reed-relais-12-v-dc-10-w-1-no-co-3570-1210-121-p340168.html?&nbc=1","","","","","","","","","","","","","","","","",""
"13","2","Q1, Q2","BC550","Transistor_BJT:BC550","Package_TO_SOT_THT:TO-92L_Inline_Wide","https://www.onsemi.com/pub/Collateral/BC550-D.pdf","","","","","","","","","","","","","","","","",""
"14","2","R1, R7","10K","Device:R","Resistor_THT:R_Axial_DIN0207_L6.3mm_D2.5mm_P10.16mm_Horizontal","~","","","","","","","","","","","","","","","","",""
"15","3","R2, R3, R6","4K7","Device:R","Resistor_THT:R_Axial_DIN0207_L6.3mm_D2.5mm_P10.16mm_Horizontal","~","","","","","","","","","","","","","","","","",""
"16","2","R4, R5","100K","Device:R","Resistor_THT:R_Axial_DIN0207_L6.3mm_D2.5mm_P10.16mm_Horizontal","~","","","","","","","","","","","","","","","","",""
"17","1","U1","74HC164","74xx:74HC164","Package_DIP:DIP-14_W7.62mm_Socket","https://www.reichelt.de/schieberegister-8-bit-seriell-zu-parallel-2--6-v-dil-14-74hc-164-p3154.html?&nbc=1","","","","","","","","","","","","","","","","",""
"18","1","U2","LM7805_TO220","Regulator_Linear:LM7805_TO220","Package_TO_SOT_THT:TO-220-3_Vertical","https://www.onsemi.cn/PowerSolutions/document/MC7800-D.PDF","","","","","","","","","","","","","","","","",""
"19","1","U3","ULN2803A","Transistor_Array:TBD62783A","Package_DIP:DIP-18_W7.62mm_Socket","https://www.reichelt.de/eight-darlington-arrays-dil-18-uln-2803a-p22085.html?&nbc=1","","","","","","","","","","","","","","","","",""
"20","1","U4","ESP32-DEVKITC-32D","ESP32-DEVKITC-32D:ESP32-DEVKITC-32D","esp32_DevKitC:MODULE_ESP32-DEVKITC-32D","","","In Stock","https://www.snapeda.com/parts/ESP32-DEVKITC-32D/Espressif+Systems/view-part/?ref=eda","WiFi Development Tools (802.11) ESP32 General Development Kit, ESP32-WROOM-32D on the board","Espressif Systems","N/A","Espressif Systems","ESP32-DEVKITC-32D","V4","None","None","https://www.snapeda.com/api/url_track_click_mouser/?unipart_id=2777395&manufacturer=Espressif Systems&part_name=ESP32-DEVKITC-32D&search_term=None","ESP32-DEVKITC-32D","Manufacturer Recommendations","","","https://www.snapeda.com/parts/ESP32-DEVKITC-32D/Espressif+Systems/view-part/?ref=snap"
